article,price_cost
02-001,"100,00"
02-002,"100,00"
02-003,"125,00"
02-004,"180,00"
02-005,"110,00"
02-006,"90,00"
02-007,"80,00"
02-008,"610,00"
02-009,"170,00"
02-010,"90,00"
02-011,"110,00"
02-012,"90,00"
02-013,"80,00"
02-014,"100,00"
02-015,"125,00"
02-021,"200,00"
02-025,"50,00"
02-027,"135,00"
02-029,"125,00"
02-031,"265,00"
02-032,"80,00"
02-033,"150,00"
02-034,"90,00"
02-036,"80,00"
02-037,"140,00"
02-038,"680,00"
02-041,"430,00"
02-042,"90,00"
02-043,"190,00"
02-047,"115,00"
02-048,"625,00"
02-049,"375,00"
02-050,"2 150,00"
02-051,"110,00"
02-052,"3 190,00"
02-054,"1 890,00"
02-055,"1 390,00"
02-056,"295,00"
02-057,"260,00"
03-001,"400,00"
03-002,"220,00"
03-003,"125,00"
03-004,"390,00"
03-005,"170,00"
03-007,"85,00"
03-008,"140,00"
03-010,"100,00"
03-011,"85,00"
03-013,"400,00"
03-015,"180,00"
03-016,"700,00"
03-018,"1 850,00"
03-019,"1 850,00"
03-020,"680,00"
06-001,"530,00"
06-002,"465,00"
06-003,"55,00"
06-004,"80,00"
06-005,"55,00"
06-006,"125,00"
06-007,"95,00"
06-008,"365,00"
06-009,"355,00"
06-010,"55,00"
06-011,"220,00"
06-012,"360,00"
06-013,"55,00"
06-014,"240,00"
06-015,"55,00"
06-016,"530,00"
06-017,"55,00"
06-018,"125,00"
06-019,"235,00"
06-020,"100,00"
06-021,"55,00"
06-022,"55,00"
06-023,"220,00"
06-024,"300,00"
06-025,"115,00"
06-026,"100,00"
06-027,"180,00"
06-028,"100,00"
06-029,"100,00"
06-031,"100,00"
06-033,"55,00"
06-034,"55,00"
06-035,"55,00"
06-036,"55,00"
06-037,"70,00"
06-038,"80,00"
06-039,"190,00"
06-040,"215,00"
06-041,"70,00"
06-042,"220,00"
06-043,"360,00"
06-045,"85,00"
06-046,"80,00"
06-047,"330,00"
06-048,"85,00"
06-049,"70,00"
06-050,"375,00"
06-051,"160,00"
06-053,"100,00"
06-054,"90,00"
06-055,"110,00"
06-056,"90,00"
06-057,"90,00"
06-058,"90,00"
06-059,"90,00"
06-060,"80,00"
06-061,"90,00"
06-062,"200,00"
06-064,"110,00"
06-065,"110,00"
06-066,"110,00"
06-067,"110,00"
06-068,"110,00"
06-069,"110,00"
06-071,"265,00"
06-075,"1 330,00"
06-076,"335,00"
06-077,"480,00"
06-078,"430,00"
06-079,"1 170,00"
06-080,"430,00"
06-082,"485,00"
06-083,"100,00"
06-084,"540,00"
06-085,"540,00"
06-086,"540,00"
06-087,"540,00"
06-088,"540,00"
06-089,"540,00"
06-090,"540,00"
06-091,"540,00"
06-092,"540,00"
06-093,"540,00"
06-094,"540,00"
06-095,"540,00"
06-096,"540,00"
06-097,"540,00"
06-098,"540,00"
06-099,"540,00"
06-101,"1 420,00"
06-102,"1 420,00"
06-103,"1 420,00"
06-104,"1 420,00"
06-105,"1 420,00"
06-106,600
06-107,"1 420,00"
06-108,"1 420,00"
06-109,"4 030,00"
06-112,"2 880,00"
06-114,"235,00"
06-115,"70,00"
06-116,"485,00"
06-117,"485,00"
06-118,"485,00"
06-119,"485,00"
06-120,"485,00"
06-121,"485,00"
06-122,"485,00"
06-123,"485,00"
06-124,"485,00"
06-125,"485,00"
06-126,"485,00"
06-127,"485,00"
06-128,"485,00"
06-129,"485,00"
06-130,"485,00"
06-131,"485,00"
06-133,"80,00"
06-134,"290,00"
06-135,"485,00"
06-136,"485,00"
06-137,"2 350,00"
06-157,"3 465,00"
06-178,"790,00"
06-179,"1 470,00"
06-180,"245,00"
06-182,"150,00"
06-183,"1 830,00"
06-184,"2 310,00"
06-185,"1 600,00"
06-186,"1 600,00"
06-187,"1 220,00"
06-188,"5 665,00"
06-189,"1 510,00"
06-190,"2 260,00"
06-191,"3 770,00"
06-192,"3 170,00"
06-193,"3 455,00"
06-194,"485,00"
06-195,"485,00"
06-196,"485,00"
06-197,"485,00"
06-198,"485,00"
06-199,"485,00"
06-200,"485,00"
06-201,"485,00"
06-202,"485,00"
06-203,"485,00"
06-204,"485,00"
06-205,"485,00"
06-206,"485,00"
06-207,"485,00"
06-208,"485,00"
06-209,"485,00"
06-210,"485,00"
06-211,"485,00"
06-212,"485,00"
06-213,"485,00"
06-214,"485,00"
06-215,"485,00"
06-216,"485,00"
06-217,"1 420,00"
06-218,"1 420,00"
06-219,"2 270,00"
06-220,"3 330,00"
06-221,"2 880,00"
06-222,"5 740,00"
06-223,"2 730,00"
06-224,"5 280,00"
06-226,"3 170,00"
06-227,"485,00"
06-228,"12 600,00"
06-229,"8 990,00"
06-230,"11 290,00"
06-231,"1 400,00"
06-232,"1 595,00"
06-233,"2 300,00"
06-234,"2 565,00"
06-235,"3 030,00"
06-236,"1 820,00"
06-237,"3 780,00"
06-238,"1 820,00"
06-240,"3 020,00"
06-241,"14 830,00"
06-242,"16 765,00"
06-243,"10 860,00"
06-244,"14 125,00"
06-245,"5 995,00"
06-246,"4 260,00"
06-247,"12 530,00"
06-248,"5 665,00"
06-249,"13 905,00"
06-250,"3 895,00"
06-251,"3 015,00"
06-252,"14 995,00"
06-253,"4 235,00"
06-254,"7 065,00"
06-255,"16 215,00"
06-256,"770,00"
06-258,"165,00"
06-259,"125,00"
06-260,"475,00"
06-261,"2 260,00"
06-263,"3 555,00"
06-264,"5 560,00"
06-265,"475,00"
06-266,"720,00"
06-268,"3 270,00"
06-269,"1 940,00"
06-270,"1 340,00"
06-271,"1 015,00"
06-273,"3 580,00"
06-274,"4 165,00"
06-275,"1 545,00"
06-276,"5 520,00"
06-277,"1 510,00"
06-278,"510,00"
06-279,"510,00"
06-280,"510,00"
06-281,"510,00"
06-282,"510,00"
06-283,"510,00"
06-284,"510,00"
06-285,"510,00"
06-286,"510,00"
06-287,"510,00"
06-288,"510,00"
06-289,"510,00"
06-290,"510,00"
06-291,"510,00"
06-292,"510,00"
06-293,"510,00"
06-294,"510,00"
06-295,"510,00"
06-296,"510,00"
06-297,"510,00"
06-298,"510,00"
06-299,"510,00"
06-300,"510,00"
06-301,"510,00"
06-302,"510,00"
06-303,"510,00"
06-304,"510,00"
06-305,"510,00"
06-306,"510,00"
06-307,"510,00"
06-308,"510,00"
06-309,"510,00"
06-310,"510,00"
06-311,"770,00"
06-312,"1 525,00"
06-313,"1 040,00"
06-314,"510,00"
06-315,"510,00"
06-316,"510,00"
06-317,"510,00"
06-318,"510,00"
06-319,"510,00"
06-320,"510,00"
06-321,"510,00"
06-322,"510,00"
06-323,"510,00"
06-324,"510,00"
06-325,"510,00"
06-326,"510,00"
06-327,"510,00"
06-328,"510,00"
06-329,"510,00"
06-330,"510,00"
06-331,"510,00"
06-332,"510,00"
06-333,"510,00"
06-334,"510,00"
06-335,"510,00"
06-336,"510,00"
06-337,"510,00"
06-338,"510,00"
06-339,"510,00"
06-340,"510,00"
06-341,"510,00"
06-342,"510,00"
06-343,"510,00"
06-344,"510,00"
06-345,"510,00"
06-346,"510,00"
06-347,"510,00"
06-348,"510,00"
06-349,"510,00"
06-350,"510,00"
06-351,"510,00"
06-352,"510,00"
06-353,"510,00"
06-354,"3 775,00"
06-355,"1 720,00"
06-356,"1 695,00"
06-357,"2 755,00"
06-358,"5 950,00"
06-360,"1 610,00"
06-361,"510,00"
06-362,"510,00"
06-363,"510,00"
06-364,"510,00"
06-365,"510,00"
06-366,"510,00"
06-367,"510,00"
06-368,"510,00"
06-369,"510,00"
06-370,"510,00"
06-371,"510,00"
06-372,"510,00"
06-373,"510,00"
06-374,"510,00"
06-375,"510,00"
06-376,"510,00"
06-377,"510,00"
06-378,"510,00"
06-379,"510,00"
06-380,"510,00"
06-381,"510,00"
06-382,"510,00"
06-383,"510,00"
06-384,"510,00"
06-385,"510,00"
06-386,"510,00"
06-387,"510,00"
06-388,"510,00"
06-389,"3 000,00"
06-390,"2 355,00"
07-002,"345,00"
07-004,"395,00"
07-005,"165,00"
07-007,"210,00"
07-009,"605,00"
07-010,"440,00"
07-011,"350,00"
07-012,"200,00"
07-013,"190,00"
07-014,"190,00"
07-015,"190,00"
07-016,"430,00"
07-017,"165,00"
07-018,"165,00"
07-019,"190,00"
07-020,"235,00"
07-021,"255,00"
07-022,"255,00"
07-023,"190,00"
07-024,"620,00"
07-025,"245,00"
07-027,"310,00"
07-028,"245,00"
07-030,"180,00"
07-031,"220,00"
07-032,"105,00"
07-033,"165,00"
07-034,"145,00"
07-035,"200,00"
07-036,"190,00"
07-037,"190,00"
07-040,"320,00"
07-042,"330,00"
07-043,"190,00"
07-044,"275,00"
07-046,"275,00"
07-047,"245,00"
07-048,"245,00"
07-049,"165,00"
07-050,"190,00"
07-051,"190,00"
07-052,"190,00"
07-053,"190,00"
07-054,"255,00"
07-055,"330,00"
07-056,"90,00"
07-062,"245,00"
07-064,"245,00"
07-070,"190,00"
07-071,"290,00"
07-074,"320,00"
07-076,"220,00"
07-077,"220,00"
07-078,"330,00"
07-079,"330,00"
07-080,"330,00"
07-082,"310,00"
07-086,"375,00"
07-092,"255,00"
07-093,"255,00"
07-096,"380,00"
07-097,"380,00"
07-098,"220,00"
07-099,"270,00"
07-101,"115,00"
07-102,"100,00"
07-104,"450,00"
07-106,"750,00"
07-107,"205,00"
07-108,"180,00"
07-110,"345,00"
07-111,"310,00"
07-113,"330,00"
07-114,"345,00"
07-115,"345,00"
07-116,"345,00"
07-117,"170,00"
07-118,"800,00"
07-123,"190,00"
07-124,"335,00"
07-125,"345,00"
07-126,"380,00"
07-127,"450,00"
07-128,"250,00"
07-129,"235,00"
07-131,"872,00"
07-132,"710,00"
07-133,"595,00"
07-134,"350,00"
07-135,"350,00"
07-136,"350,00"
07-137,"350,00"
07-138,"495,00"
07-140,"355,00"
07-141,"520,00"
07-143,"760,00"
07-144,"290,00"
07-145,"795,00"
07-147,"440,00"
07-148,"670,00"
07-150,"815,00"
07-151,"815,00"
07-152,"815,00"
07-153,"175,00"
07-154,"740,00"
07-155,"705,00"
07-156,"1 850,00"
07-157,"1 850,00"
07-158,"560,00"
07-159,"925,00"
07-160,"590,00"
07-161,"295,00"
07-162,"270,00"
07-163,"450,00"
07-164,"330,00"
07-166,"890,00"
07-167,"890,00"
07-168,"890,00"
07-169,"470,00"
07-170,"775,00"
07-171,"675,00"
07-172,"845,00"
07-173,"1 020,00"
07-174,"365,00"
07-175,"810,00"
07-176,"4 135,00"
07-177,"4 135,00"
07-178,"4 135,00"
07-179,"4 135,00"
07-180,"2 125,00"
07-181,"2 125,00"
07-182,"4 135,00"
07-183,"4 135,00"
07-184,"490,00"
07-185,"480,00"
07-186,"605,00"
07-187,"325,00"
07-188,"700,00"
07-189,"620,00"
07-190,"620,00"
07-191,"565,00"
07-192,"945,00"
07-193,"640,00"
07-194,"570,00"
07-195,"490,00"
07-196,"590,00"
07-197,"710,00"
07-198,"640,00"
07-199,"410,00"
07-200,"1 355,00"
07-201,"1 275,00"
07-202,"1 515,00"
07-203,"625,00"
07-204,"810,00"
07-206,"700,00"
07-208,"1 200,00"
07-209,"750,00"
07-210,"1 400,00"
07-212,"750,00"
07-213,"550,00"
08-001,"910,00"
08-003,"235,00"
08-004,"225,00"
08-005,"310,00"
08-006,"310,00"
08-007,"400,00"
08-008,"850,00"
08-009,"145,00"
08-010,"145,00"
08-011,"145,00"
08-012,"255,00"
08-013,"370,00"
08-014,"385,00"
08-016,"210,00"
08-017,"255,00"
08-018,"470,00"
08-019,"480,00"
08-020,"185,00"
08-021,"330,00"
08-023,"210,00"
08-024,"355,00"
08-026,"190,00"
08-027,"430,00"
08-029,"1 445,00"
08-030,"200,00"
08-031,"710,00"
08-033,"330,00"
08-034,"530,00"
08-038,"145,00"
08-042,"235,00"
08-043,"245,00"
08-050,"450,00"
08-051,"330,00"
08-056,"165,00"
08-057,"870,00"
08-058,"825,00"
08-071,"345,00"
08-073,"1 640,00"
08-074,"2 260,00"
08-083,"1 160,00"
08-085,"895,00"
08-088,"760,00"
08-089,"1 470,00"
08-090,"1 510,00"
08-091,"585,00"
08-092,1050
08-093,"1120,00"
08-094,"485,00"
08-095,"890,00"
08-096,"950,00"
08-097,"530,00"
08-099,"580,00"
08-105,"615,00"
08-110,"380,00"
08-111,"140,00"
08-112,"140,00"
08-113,"165,00"
08-114,"165,00"
08-115,"165,00"
08-116,"165,00"
08-117,"140,00"
08-118,"165,00"
08-119,"140,00"
08-120,"250,00"
08-121,"355,00"
08-122,"140,00"
08-123,"1 280,00"
08-124,"810,00"
08-125,"910,00"
08-126,"400,00"
08-128,"1 375,00"
08-131,"1 530,00"
08-132,"1 360,00"
08-133,"1 360,00"
08-134,"1 900,00"
08-135,"1 640,00"
08-136,"255,00"
08-137,"1165,00"
08-139,"3 310,00"
08-140,"265,00"
08-141,"2 530,00"
08-143,"9 265,00"
08-144,"845,00"
08-145,"2 205,00"
08-146,"450,00"
08-147,"5 815,00"
08-148,"5 320,00"
08-149,"3 485,00"
08-150,"7 050,00"
08-151,"2 295,00"
08-152,"1 100,00"
08-153,"1 520,00"
08-154,"1 490,00"
08-156,"960,00"
08-157,"960,00"
08-158,"960,00"
08-159,"960,00"
08-160,"3 815,00"
08-161,"1 620,00"
08-162,"1 410,00"
08-163,"4 995,00"
08-164,"1 665,00"
08-166,"4 590,00"
08-167,"2 220,00"
08-168,"2 220,00"
09-001,"105,00"
09-002,"85,00"
09-003,"105,00"
09-006,"165,00"
09-007,"85,00"
09-008,"365,00"
09-009,"1 290,00"
09-010,"560,00"
09-011,"290,00"
09-012,"1 760,00"
09-013,"105,00"
09-015,"145,00"
09-016,"405,00"
09-018,"340,00"
09-019,"155,00"
09-020,"135,00"
09-022,"160,00"
09-023,"100,00"
09-025,"85,00"
09-026,"85,00"
09-027,"85,00"
09-030,"85,00"
09-031,"105,00"
09-032,"105,00"
09-036,"210,00"
09-038,"135,00"
09-039,"110,00"
09-040,"140,00"
09-043,"320,00"
09-046,"520,00"
09-053,"220,00"
09-060,"450,00"
09-063,"530,00"
09-065,"190,00"
09-066,"270,00"
09-067,"205,00"
09-068,"145,00"
09-071,"340,00"
09-074,"210,00"
09-075,"270,00"
09-084,"290,00"
09-095,"85,00"
09-097,"470,00"
09-100,"470,00"
09-101,"300,00"
09-102,"470,00"
09-106,"460,00"
09-113,"210,00"
09-114,"330,00"
09-116,"1 305,00"
09-117,"575,00"
09-119,"760,00"
09-120,"570,00"
09-121,"265,00"
09-123,"125,00"
09-134,"1 045,00"
09-138,"360,00"
09-140,"880,00"
09-148,"125,00"
09-149,"125,00"
09-150,"375,00"
09-151,"110,00"
09-152,"110,00"
09-155,"160,00"
09-157,"630,00"
09-158,"470,00"
09-159,"305,00"
09-160,"6 790,00"
09-163,"185,00"
09-164,"420,00"
09-165,"365,00"
09-168,"595,00"
09-170,"2 950,00"
09-171,"560,00"
09-172,"1 170,00"
09-173,"1 545,00"
09-174,"450,00"
09-175,"400,00"
09-176,"400,00"
09-177,"4 350,00"
09-178,"4 350,00"
09-181,"310,00"
09-182,"310,00"
09-183,"425,00"
09-184,"510,00"
09-185,900
09-186,"1 800,00"
10-002,"605,00"
10-003,"605,00"
10-004,"255,00"
10-005,"390,00"
10-006,"1 150,00"
10-007,"80,00"
10-009,"255,00"
10-010,"310,00"
10-012,"345,00"
10-014,"235,00"
10-015,"305,00"
10-025,"455,00"
10-026,"550,00"
10-032,"255,00"
10-033,"260,00"
10-034,"260,00"
10-038,"1 375,00"
10-043,"550,00"
10-044,"345,00"
10-045,"430,00"
10-046,"550,00"
10-047,"1 420,00"
10-048,"365,00"
10-049,"397,00"
10-051,"330,00"
10-052,"385,00"
10-053,"165,00"
10-055,"850,00"
10-056,"400,00"
10-057,"410,00"
10-059,"1 860,00"
10-060,"1 865,00"
10-062,"220,00"
10-065,"500,00"
10-067,"150,00"
10-068,"1 195,00"
10-069,"245,00"
10-070,"375,00"
10-071,"365,00"
10-072,"385,00"
10-073,"325,00"
10-074,"1 335,00"
10-076,"615,00"
12-001,"155,00"
12-003,"245,00"
12-005,"235,00"
12-006,"245,00"
12-012,"245,00"
12-014,"245,00"
12-017,"20 080,00"
12-018,"2 330,00"
12-024,"4 400,00"
12-027,"1 890,00"
12-030,"1 865,00"
12-031,"1 200,00"
12-032,"1 200,00"
12-037,"2 020,00"
12-039,"2 080,00"
12-043,"370,00"
12-044,"245,00"
12-045,"245,00"
12-046,"245,00"
12-047,"245,00"
12-048,"1 255,00"
12-050,"1 255,00"
12-051,"980,00"
12-052,"21 340,00"
12-053,"21 340,00"
12-054,"21 340,00"
12-055,"7 530,00"
12-056,"7 530,00"
12-057,"1 540,00"
12-058,"770,00"
12-059,"470,00"
12-060,"1 620,00"
12-061,"1 360,00"
12-062,"2 040,00"
12-063,"3 655,00"
12-064,"3 895,00"
12-065,"2 120,00"
12-066,"5 280,00"
12-067,"11 880,00"
12-069,"6 600,00"
12-070,"2 375,00"
12-071,"2 070,00"
12-106,"6 160,00"
12-107,"7 700,00"
12-108,"6 930,00"
12-109,"7 700,00"
12-110,"10 010,00"
12-111,"4 620,00"
12-112,"6 930,00"
12-113,"9 240,00"
12-114,"11 550,00"
12-115,"13 860,00"
12-116,"16 170,00"
12-117,"18 480,00"
12-118,"20 790,00"
12-119,"23 100,00"
12-120,"12 505,00"
12-121,"12 505,00"
12-122,"12 505,00"
12-123,"12 505,00"
12-124,"12 505,00"
12-125,"5 865,00"
12-126,"5 015,00"
12-127,"6 120,00"
12-128,"7 642,00"
12-129,"8 585,00"
12-130,"11 475,00"
12-131,"13 252,00"
12-132,"6 375,00"
12-133,"8 415,00"
12-134,"8 415,00"
12-135,"10 625,00"
12-136,"5 525,00"
12-137,"5 525,00"
12-138,"5 525,00"
12-139,"8 415,00"
12-140,"5 955,00"
12-141,"10 085,00"
12-142,"1 115,00"
12-143,"510,00"
12-144,"1 115,00"
12-145,"16 925,00"
12-146,"21 155,00"
12-147,"21 175,00"
12-148,"10 155,00"
13-001,"730,00"
13-002,"330,00"
13-003,"370,00"
13-004,"490,00"
13-007,"355,00"
13-008,"540,00"
13-010,"695,00"
13-013,"455,00"
13-014,"825,00"
13-015,"430,00"
13-016,"580,00"
13-017,"330,00"
13-018,"265,00"
13-019,"455,00"
13-020,"165,00"
13-021,"450,00"
13-022,"440,00"
13-024,"550,00"
13-025,"520,00"
13-026,"680,00"
13-027,"520,00"
13-028,"585,00"
13-029,"640,00"
13-030,"485,00"
13-031,"440,00"
13-032,"640,00"
13-033,"595,00"
13-034,"595,00"
13-035,"440,00"
13-036,"640,00"
13-037,"640,00"
13-038,"570,00"
13-039,"440,00"
13-040,"1 900,00"
13-041,"520,00"
13-043,"675,00"
13-045,"520,00"
13-046,"440,00"
13-047,"840,00"
13-048,"430,00"
13-050,"1 130,00"
13-052,"600,00"
13-053,"440,00"
13-054,"440,00"
13-055,"440,00"
13-058,"1 940,00"
13-059,"1 090,00"
13-060,"1 540,00"
13-061,"1 335,00"
13-062,"1 770,00"
13-063,"1 900,00"
13-064,"1 575,00"
13-065,"720,00"
13-066,"1 200,00"
13-067,"1 120,00"
13-068,"1 900,00"
13-069,"2 520,00"
13-070,"1 140,00"
13-072,"1 335,00"
13-074,"1 125,00"
13-075,"805,00"
13-076,"1 900,00"
13-077,"1 900,00"
13-078,"815,00"
13-079,"1 940,00"
13-080,"675,00"
13-081,"1 335,00"
13-082,"1 140,00"
13-083,"805,00"
13-087,"275,00"
13-088,"165,00"
13-089,"1 120,00"
13-090,"897,00"
13-091,"1 830,00"
13-092,"2 400,00"
13-093,"485,00"
13-094,"1 420,00"
13-095,"1 430,00"
13-096,"520,00"
13-097,"730,00"
13-099,"980,00"
13-101,"800,00"
13-102,"695,00"
13-104,"840,00"
13-106,"930,00"
13-107,"750,00"
13-108,"695,00"
13-109,"695,00"
13-110,"730,00"
13-111,"970,00"
13-112,"970,00"
13-113,"970,00"
13-114,"970,00"
13-115,"1 220,00"
13-116,"1 060,00"
13-117,"1 060,00"
13-118,"730,00"
13-119,"650,00"
13-120,"650,00"
13-121,"1 970,00"
13-122,"705,00"
13-123,"640,00"
13-124,"2 110,00"
13-125,"1 835,00"
13-126,"745,00"
13-127,"1 090,00"
13-128,"2 125,00"
13-129,"815,00"
13-130,"540,00"
13-131,"540,00"
13-132,"630,00"
13-133,"640,00"
13-134,"640,00"
13-136,"650,00"
13-137,"650,00"
13-138,"2 720,00"
13-139,"900,00"
13-140,"520,00"
13-141,"900,00"
13-142,"1 150,00"
13-144,"780,00"
13-145,"1 130,00"
13-146,"690,00"
13-149,"5 500,00"
13-150,"5 295,00"
13-151,"585,00"
13-152,"2 180,00"
13-153,"2 180,00"
13-154,"765,00"
13-155,"765,00"
13-156,"765,00"
13-157,"765,00"
13-158,"765,00"
13-159,"765,00"
13-160,"765,00"
13-161,"765,00"
13-162,"2 045,00"
13-163,"2 045,00"
13-164,"3 400,00"
13-165,"2 215,00"
13-166,"2 280,00"
13-167,"3 360,00"
15-001,"485,00"
15-002,"1 060,00"
15-004,"1 520,00"
15-005,"1 520,00"
15-006,"1 520,00"
15-007,"1 520,00"
15-008,"1 520,00"
15-009,"2 720,00"
15-011,"3 170,00"
15-012,"3 170,00"
15-013,"3 170,00"
15-014,"3 170,00"
15-015,"3 170,00"
15-016,"3 170,00"
15-017,"3 170,00"
15-018,"3 170,00"
15-019,"3 170,00"
15-020,"3 170,00"
15-021,"3 170,00"
15-022,"3 170,00"
15-023,"3 170,00"
15-024,"3 170,00"
15-025,"3 170,00"
15-026,"3 170,00"
15-027,"3 170,00"
15-028,"3 170,00"
15-030,"3 170,00"
15-031,"1 455,00"
15-032,"930,00"
15-033,"1 520,00"
16-001,"4 015,00"
16-017,"2 415,00"
16-018,"4 085,00"
17-001,"11 980,00"
17-003,"9 050,00"
17-004,"3 280,00"
17-005,"9 050,00"
17-006,"11 980,00"
17-007,"3 280,00"
17-031,"5 480,00"
17-032,"19 465,00"
17-033,"9 775,00"
17-034,"14 025,00"
17-035,"6 800,00"
17-036,"5 755,00"
18-001,"400,00"
18-002,"400,00"
18-003,"400,00"
18-004,"400,00"
18-005,"400,00"
18-006,"400,00"
18-007,"805,00"
18-008,"400,00"
18-009,"400,00"
18-010,"400,00"
18-012,"400,00"
18-013,"605,00"
18-014,"400,00"
18-016,"400,00"
18-018,"400,00"
18-019,"400,00"
18-021,"400,00"
18-022,"400,00"
18-023,"400,00"
18-025,"400,00"
18-026,"400,00"
18-027,"400,00"
18-029,"400,00"
18-030,"400,00"
18-031,"400,00"
18-032,"400,00"
18-033,"400,00"
18-034,"400,00"
18-035,"400,00"
18-036,"605,00"
18-039,"1 005,00"
18-044,"400,00"
18-079,"355,00"
18-080,"355,00"
18-081,"355,00"
18-082,"355,00"
18-083,"730,00"
18-086,"3 850,00"
18-087,"3 700,00"
18-093,"7 640,00"
18-113,"7 973,00"
18-114,"7 973,00"
18-115,"7 973,00"
18-116,"7 973,00"
18-117,"7 973,00"
18-118,"7 973,00"
18-119,"7 973,00"
18-120,"7 973,00"
18-121,"7 973,00"
18-122,"7 973,00"
18-123,"7 973,00"
18-124,"7 973,00"
18-125,"7 973,00"
18-126,"7 973,00"
18-127,"7 973,00"
18-128,"7 973,00"
18-129,"7 973,00"
18-130,"7 973,00"
18-131,"7 973,00"
18-132,"7 973,00"
18-133,"7 973,00"
18-135,"400,00"
18-136,"2 040,00"
18-137,"3 555,00"
18-138,"2 045,00"
18-139,"1 075,00"
19-001,"895,00"
19-009,"2 890,00"
19-010,"2 420,00"
19-011,"650,00"
19-012,"710,00"
19-013,"1 810,00"
19-016,"655,00"
19-017,"1 700,00"
19-018,"2 385,00"
19-019,"2 035,00"
19-020,"1 915,00"
20-001,"1 355,00"
20-005,"1 915,00"
20-010,"650,00"
20-011,"650,00"
20-012,"650,00"
20-019,"290,00"
20-020,"290,00"
20-024,"125,00"
20-067,"5 855,00"
20-068,"5 810,00"
20-069,"6 315,00"
20-070,"6 315,00"
20-073,"7 065,00"
20-075,"7 185,00"
20-076,"4 590,00"
20-077,"3 230,00"
20-078,"1 870,00"
20-079,"2 040,00"
20-080,"1 615,00"
20-081,"1 615,00"
20-082,"1 840,00"
20-083,"2 465,00"
20-084,"2 255,00"
20-085,"3 480,00"
20-108,"1 710,00"
20-109,"1 710,00"
20-110,"1 710,00"
21-001,"630,00"
21-006,"630,00"
21-017,"320,00"
21-018,"340,00"
21-019,"310,00"
21-024,"270,00"
21-025,"320,00"
21-027,"310,00"
21-028,"340,00"
21-034,"270,00"
21-036,"320,00"
21-037,"350,00"
21-040,"270,00"
21-042,"270,00"
21-051,"360,00"
21-054,"270,00"
21-055,"270,00"
21-059,"310,00"
21-062,"320,00"
21-070,"270,00"
21-071,"270,00"
21-073,"310,00"
21-074,"310,00"
21-075,"270,00"
21-076,"320,00"
21-080,"270,00"
21-087,"310,00"
21-090,"8 750,00"
21-092,"300,00"
21-095,"310,00"
21-099,"360,00"
21-100,"270,00"
21-1000,"740,00"
21-1001,"1 900,00"
21-1002,"750,00"
21-1003,"750,00"
21-1004,"750,00"
21-1005,"1 900,00"
21-1006,"1 900,00"
21-1007,"1 900,00"
21-1008,"1 900,00"
21-1009,"1 900,00"
21-101,"300,00"
21-1010,"1 900,00"
21-1011,"750,00"
21-1012,"750,00"
21-1013,"750,00"
21-1014,"830,00"
21-1015,"695,00"
21-1016,"715,00"
21-1017,"740,00"
21-1018,"1 900,00"
21-1019,"1 900,00"
21-102,"270,00"
21-1020,"740,00"
21-1021,"715,00"
21-1022,"1 560,00"
21-1023,"1 900,00"
21-1024,"1 900,00"
21-1025,"1 900,00"
21-1026,"1 900,00"
21-1027,"1 900,00"
21-1028,"1 900,00"
21-1029,"695,00"
21-103,"270,00"
21-1030,"695,00"
21-1031,"695,00"
21-1032,"695,00"
21-1034,"740,00"
21-1035,"715,00"
21-1036,"740,00"
21-1037,"740,00"
21-1038,"740,00"
21-1039,"740,00"
21-104,"270,00"
21-1040,"740,00"
21-1041,"740,00"
21-1042,"695,00"
21-1043,"695,00"
21-1044,"695,00"
21-1045,"740,00"
21-1046,"740,00"
21-1047,"610,00"
21-1049,"750,00"
21-105,"270,00"
21-107,"270,00"
21-109,"310,00"
21-110,"340,00"
21-111,"270,00"
21-114,"360,00"
21-116,"330,00"
21-117,"320,00"
21-119,"320,00"
21-120,"270,00"
21-121,"310,00"
21-122,"270,00"
21-123,"270,00"
21-124,"270,00"
21-128,"300,00"
21-130,"320,00"
21-131,"310,00"
21-132,"270,00"
21-134,"270,00"
21-135,"330,00"
21-136,"270,00"
21-137,"360,00"
21-139,"270,00"
21-140,"270,00"
21-142,"270,00"
21-143,"270,00"
21-144,"320,00"
21-146,"270,00"
21-147,"270,00"
21-149,"310,00"
21-150,"270,00"
21-151,"270,00"
21-154,"300,00"
21-155,"360,00"
21-156,"270,00"
21-157,"270,00"
21-162,"340,00"
21-163,"330,00"
21-164,"310,00"
21-167,"340,00"
21-170,"270,00"
21-173,"270,00"
21-174,"330,00"
21-175,"270,00"
21-176,"310,00"
21-177,"270,00"
21-178,"320,00"
21-179,"270,00"
21-182,"270,00"
21-183,"270,00"
21-184,"270,00"
21-186,"300,00"
21-187,"270,00"
21-189,"270,00"
21-191,"270,00"
21-192,"270,00"
21-194,"270,00"
21-198,"310,00"
21-199,"310,00"
21-201,"270,00"
21-204,"270,00"
21-205,"390,00"
21-206,"270,00"
21-207,"270,00"
21-209,"270,00"
21-218,"270,00"
21-223,"270,00"
21-225,"310,00"
21-229,"300,00"
21-230,"270,00"
21-235,"270,00"
21-236,"270,00"
21-238,"270,00"
21-241,"300,00"
21-242,"270,00"
21-245,"310,00"
21-246,"310,00"
21-247,"270,00"
21-248,"310,00"
21-249,"270,00"
21-251,"270,00"
21-252,"270,00"
21-255,"270,00"
21-256,"310,00"
21-257,"270,00"
21-258,"310,00"
21-261,"270,00"
21-262,"270,00"
21-263,"270,00"
21-265,"270,00"
21-266,"320,00"
21-267,"270,00"
21-279,"310,00"
21-280,"330,00"
21-281,"270,00"
21-282,"360,00"
21-285,"330,00"
21-286,"360,00"
21-287,"310,00"
21-289,"350,00"
21-294,"270,00"
21-296,"320,00"
21-297,"350,00"
21-299,"330,00"
21-300,"270,00"
21-303,"330,00"
21-305,"310,00"
21-306,"270,00"
21-307,"270,00"
21-308,"360,00"
21-311,"360,00"
21-313,"360,00"
21-314,"270,00"
21-315,"270,00"
21-316,"320,00"
21-319,"310,00"
21-321,"360,00"
21-324,"510,00"
21-329,"300,00"
21-332,"350,00"
21-333,"310,00"
21-334,"310,00"
21-337,"320,00"
21-339,"310,00"
21-340,"270,00"
21-341,"360,00"
21-342,"270,00"
21-344,"310,00"
21-345,"510,00"
21-346,"510,00"
21-347,"320,00"
21-348,"320,00"
21-349,"320,00"
21-350,"270,00"
21-351,"310,00"
21-352,"360,00"
21-353,"360,00"
21-354,"310,00"
21-355,"270,00"
21-356,"270,00"
21-357,"320,00"
21-358,"360,00"
21-359,"270,00"
21-360,"300,00"
21-361,"270,00"
21-362,"270,00"
21-363,"270,00"
21-364,"270,00"
21-366,"270,00"
21-368,"310,00"
21-369,"340,00"
21-370,"270,00"
21-371,"320,00"
21-372,"270,00"
21-373,"360,00"
21-374,"360,00"
21-375,"330,00"
21-376,"320,00"
21-377,"320,00"
21-378,"320,00"
21-379,"270,00"
21-380,"310,00"
21-381,"270,00"
21-382,"270,00"
21-383,"270,00"
21-385,"350,00"
21-387,"300,00"
21-389,"320,00"
21-390,"310,00"
21-391,"270,00"
21-393,"270,00"
21-394,"330,00"
21-395,"270,00"
21-396,"360,00"
21-397,"360,00"
21-398,"270,00"
21-399,"270,00"
21-401,"270,00"
21-402,"270,00"
21-403,"320,00"
21-405,"270,00"
21-406,"270,00"
21-408,"310,00"
21-409,"270,00"
21-410,"270,00"
21-413,"300,00"
21-414,"360,00"
21-415,"270,00"
21-416,"270,00"
21-421,"340,00"
21-422,"330,00"
21-423,"310,00"
21-424,"310,00"
21-425,"270,00"
21-426,"340,00"
21-427,"330,00"
21-429,"270,00"
21-432,"270,00"
21-433,"330,00"
21-434,"270,00"
21-435,"310,00"
21-436,"270,00"
21-437,"320,00"
21-527,"920,00"
21-528,"630,00"
21-530,"630,00"
21-531,"630,00"
21-533,"630,00"
21-534,"630,00"
21-535,"630,00"
21-537,"630,00"
21-538,"630,00"
21-540,"630,00"
21-541,"630,00"
21-542,"630,00"
21-543,"630,00"
21-544,"630,00"
21-545,"630,00"
21-546,"630,00"
21-548,"630,00"
21-549,"630,00"
21-553,"630,00"
21-554,"630,00"
21-555,"630,00"
21-556,"630,00"
21-557,"630,00"
21-558,"630,00"
21-559,"630,00"
21-560,"630,00"
21-561,"630,00"
21-563,"980,00"
21-582,"630,00"
21-583,"630,00"
21-584,"630,00"
21-585,"630,00"
21-586,"630,00"
21-587,"630,00"
21-588,"630,00"
21-589,"630,00"
21-590,"630,00"
21-591,"630,00"
21-592,"630,00"
21-595,"630,00"
21-596,"630,00"
21-597,"630,00"
21-604,"400,00"
21-605,"400,00"
21-606,"400,00"
21-607,"400,00"
21-608,"400,00"
21-609,"400,00"
21-610,"400,00"
21-611,"400,00"
21-612,"905,00"
21-613,"905,00"
21-614,"905,00"
21-615,"905,00"
21-616,"905,00"
21-617,"905,00"
21-618,"905,00"
21-619,"830,00"
21-620,"370,00"
21-621,"370,00"
21-622,"370,00"
21-623,"370,00"
21-624,"370,00"
21-625,"370,00"
21-626,"370,00"
21-627,"370,00"
21-628,"370,00"
21-629,"370,00"
21-630,"1 120,00"
21-631,"370,00"
21-632,"370,00"
21-633,"370,00"
21-634,"370,00"
21-635,"370,00"
21-636,"370,00"
21-637,"370,00"
21-638,"370,00"
21-639,"370,00"
21-640,"370,00"
21-641,"370,00"
21-642,"370,00"
21-643,"370,00"
21-644,"370,00"
21-645,"370,00"
21-646,"370,00"
21-647,"370,00"
21-648,"370,00"
21-649,"390,00"
21-650,"370,00"
21-651,"370,00"
21-652,"390,00"
21-653,"370,00"
21-654,"370,00"
21-655,"370,00"
21-656,"370,00"
21-657,"370,00"
21-658,"370,00"
21-659,"370,00"
21-660,"370,00"
21-661,"370,00"
21-662,"520,00"
21-663,"520,00"
21-664,"520,00"
21-666,"520,00"
21-667,"520,00"
21-668,"520,00"
21-669,"750,00"
21-670,"400,00"
21-671,"450,00"
21-672,"390,00"
21-673,"14 370,00"
21-674,"370,00"
21-675,"695,00"
21-676,"1 565,00"
21-677,"370,00"
21-678,"520,00"
21-679,"1 900,00"
21-680,"1 900,00"
21-681,"1 120,00"
21-682,"1 120,00"
21-683,"1 120,00"
21-684,"610,00"
21-685,"390,00"
21-686,"1 120,00"
21-687,"1 120,00"
21-688,"1 120,00"
21-689,"520,00"
21-690,"520,00"
21-691,"520,00"
21-692,"390,00"
21-693,"450,00"
21-694,"390,00"
21-695,"520,00"
21-696,"390,00"
21-697,"390,00"
21-698,"520,00"
21-699,"520,00"
21-700,"520,00"
21-701,"390,00"
21-702,"520,00"
21-703,"1 120,00"
21-704,"1 120,00"
21-705,"1 120,00"
21-706,"1 120,00"
21-710,"1 120,00"
21-712,"970,00"
21-713,"1 120,00"
21-714,"520,00"
21-715,"520,00"
21-716,"520,00"
21-717,"520,00"
21-718,"520,00"
21-719,"520,00"
21-720,"520,00"
21-721,"520,00"
21-722,"520,00"
21-724,"520,00"
21-725,"520,00"
21-726,"520,00"
21-727,"520,00"
21-729,"520,00"
21-730,"520,00"
21-731,"520,00"
21-732,"520,00"
21-733,"520,00"
21-734,"390,00"
21-735,"390,00"
21-736,"520,00"
21-737,"390,00"
21-738,"1 925,00"
21-739,"1 665,00"
21-740,"1 665,00"
21-741,"1 755,00"
21-742,"330,00"
21-744,"1 450,00"
21-745,"465,00"
21-746,"1 450,00"
21-747,"1 450,00"
21-748,"465,00"
21-749,"180,00"
21-750,"180,00"
21-752,"275,00"
21-753,"280,00"
21-754,"280,00"
21-755,"280,00"
21-756,"280,00"
21-757,"280,00"
21-758,"280,00"
21-759,"280,00"
21-760,"280,00"
21-761,"280,00"
21-762,"280,00"
21-763,"280,00"
21-764,"280,00"
21-765,"280,00"
21-766,"280,00"
21-767,"280,00"
21-768,"280,00"
21-769,"280,00"
21-770,"280,00"
21-771,"280,00"
21-772,"280,00"
21-773,"280,00"
21-774,"280,00"
21-775,"280,00"
21-776,"280,00"
21-777,"280,00"
21-778,"280,00"
21-779,"280,00"
21-780,"330,00"
21-781,"825,00"
21-782,"825,00"
21-783,"825,00"
21-784,"825,00"
21-785,"825,00"
21-786,"695,00"
21-787,"805,00"
21-788,"825,00"
21-789,"825,00"
21-790,"825,00"
21-791,"825,00"
21-792,"825,00"
21-793,"825,00"
21-794,"675,00"
21-795,"785,00"
21-796,"675,00"
21-797,"675,00"
21-798,"675,00"
21-799,"660,00"
21-801,"695,00"
21-802,"660,00"
21-803,"660,00"
21-804,"825,00"
21-805,"660,00"
21-806,"660,00"
21-807,"660,00"
21-808,"660,00"
21-809,"660,00"
21-810,"660,00"
21-811,"660,00"
21-812,"660,00"
21-813,"660,00"
21-814,"660,00"
21-815,"660,00"
21-816,"660,00"
21-817,"660,00"
21-818,"660,00"
21-819,"660,00"
21-820,"660,00"
21-821,"660,00"
21-822,"660,00"
21-823,"660,00"
21-824,"660,00"
21-825,"660,00"
21-826,"660,00"
21-827,"660,00"
21-828,"660,00"
21-829,"660,00"
21-830,"660,00"
21-831,"660,00"
21-832,"660,00"
21-833,"660,00"
21-834,"660,00"
21-835,"660,00"
21-836,"660,00"
21-837,"660,00"
21-838,"660,00"
21-839,"825,00"
21-840,"660,00"
21-841,"660,00"
21-842,"660,00"
21-843,"810,00"
21-844,"810,00"
21-845,"4 420,00"
21-846,"3 535,00"
21-847,"4 420,00"
21-848,"3 535,00"
21-849,"3 430,00"
21-850,"3 430,00"
21-851,"3 430,00"
21-852,"3 430,00"
21-853,"610,00"
21-854,"825,00"
21-855,"610,00"
21-856,"610,00"
21-857,"610,00"
21-858,"610,00"
21-859,"610,00"
21-860,"610,00"
21-861,"610,00"
21-862,"610,00"
21-863,"610,00"
21-864,"610,00"
21-865,"610,00"
21-866,"610,00"
21-867,"610,00"
21-868,"610,00"
21-869,"610,00"
21-870,"610,00"
21-871,"610,00"
21-872,"610,00"
21-873,"610,00"
21-874,"610,00"
21-875,"610,00"
21-876,"610,00"
21-877,"610,00"
21-878,"610,00"
21-879,"610,00"
21-880,"610,00"
21-881,"610,00"
21-882,"610,00"
21-883,"610,00"
21-884,"610,00"
21-885,"610,00"
21-886,"610,00"
21-887,"610,00"
21-888,"610,00"
21-889,"610,00"
21-890,"610,00"
21-891,"610,00"
21-892,"610,00"
21-893,"610,00"
21-894,"610,00"
21-895,"610,00"
21-896,"610,00"
21-897,"610,00"
21-898,"610,00"
21-899,"610,00"
21-900,"610,00"
21-901,"610,00"
21-902,"610,00"
21-903,"610,00"
21-904,"610,00"
21-905,"610,00"
21-906,"610,00"
21-907,"610,00"
21-908,"610,00"
21-909,"610,00"
21-910,"610,00"
21-911,"610,00"
21-912,"610,00"
21-913,"610,00"
21-914,"610,00"
21-915,"610,00"
21-916,"610,00"
21-917,"610,00"
21-918,"610,00"
21-919,"610,00"
21-920,"610,00"
21-921,"610,00"
21-922,"610,00"
21-923,"610,00"
21-924,"610,00"
21-925,"610,00"
21-926,"610,00"
21-927,"610,00"
21-928,"750,00"
21-929,"750,00"
21-930,"750,00"
21-931,"750,00"
21-932,"750,00"
21-933,"750,00"
21-934,"750,00"
21-935,"740,00"
21-936,"825,00"
21-937,"825,00"
21-938,"740,00"
21-939,"740,00"
21-940,"740,00"
21-941,"740,00"
21-942,"740,00"
21-943,"740,00"
21-944,"740,00"
21-945,"1 900,00"
21-946,"1 900,00"
21-947,"1 900,00"
21-948,"1 900,00"
21-949,"1 560,00"
21-950,"1 900,00"
21-951,"1 900,00"
21-952,"1 900,00"
21-953,"1 900,00"
21-954,"1 900,00"
21-955,"1 900,00"
21-956,"1 900,00"
21-957,"695,00"
21-958,"695,00"
21-959,"750,00"
21-960,"750,00"
21-961,"750,00"
21-962,"750,00"
21-963,"750,00"
21-964,"750,00"
21-965,"750,00"
21-966,"750,00"
21-967,"750,00"
21-968,"750,00"
21-969,"750,00"
21-970,"750,00"
21-971,"750,00"
21-972,"695,00"
21-973,"695,00"
21-974,"695,00"
21-975,"695,00"
21-976,"715,00"
21-977,"715,00"
21-978,"715,00"
21-979,"825,00"
21-980,"695,00"
21-981,"695,00"
21-982,"740,00"
21-983,"695,00"
21-984,"740,00"
21-985,"740,00"
21-986,"740,00"
21-987,"740,00"
21-988,"740,00"
21-989,"740,00"
21-990,"740,00"
21-991,"740,00"
21-992,"740,00"
21-993,"1 900,00"
21-994,"740,00"
21-995,"740,00"
21-996,"740,00"
21-997,"740,00"
21-998,"740,00"
21-999,"740,00"
40-001,"470,00"
40-003,"895,00"
40-004,"1 045,00"
40-006,"980,00"
40-007,"650,00"
40-008,"300,00"
40-023,"1 300,00"
40-025,"1 300,00"
40-029,"2 565,00"
40-033,"4 150,00"
40-034,"3 950,00"
40-035,"1 940,00"
40-039,"200,00"
40-042,"1 455,00"
40-043,"1 005,00"
40-044,"815,00"
40-045,"3 160,00"
40-046,"1 530,00"
40-047,"2 270,00"
40-049,"4 745,00"
40-050,"410,00"
40-051,"2 805,00"
40-063,"1 080,00"
40-065,"1385,00"
40-080,"1 100,00"
40-081,"970,00"
40-082,"345,00"
40-083,"595,00"
40-084,"1 890,00"
40-085,"1 050,00"
40-086,"1 720,00"
40-087,"595,00"
40-088,"2 345,00"
40-089,"220,00"
40-091,"1 730,00"
40-092,"1 250,00"
40-094,"895,00"
40-101,"870,00"
40-105,"750,00"
40-110,"880,00"
40-111,"2 565,00"
40-112,"1 960,00"
40-113,"1 400,00"
40-114,"595,00"
40-115,"1 335,00"
40-116,"1 100,00"
40-117,"460,00"
40-118,"1 050,00"
40-119,"1 110,00"
40-120,"105,00"
40-121,"1 640,00"
40-122,"495,00"
40-123,"1 135,00"
40-124,"2 585,00"
40-125,"815,00"
40-126,"7 805,00"
40-128,"2 145,00"
40-129,"1 595,00"
40-130,"870,00"
40-131,"495,00"
40-132,"1 650,00"
40-133,"830,00"
40-134,"1 210,00"
40-135,"1 960,00"
40-136,"1 255,00"
40-137,"495,00"
40-138,"1 950,00"
40-140,"2 730,00"
40-141,"640,00"
40-142,"840,00"
40-143,"2 070,00"
40-144,"740,00"
40-148,"870,00"
40-149,"675,00"
40-150,"1 915,00"
40-151,"850,00"
40-153,"2 905,00"
40-154,"620,00"
40-155,"530,00"
40-156,"1 860,00"
40-157,"550,00"
40-158,"760,00"
40-159,"750,00"
40-161,"915,00"
40-162,"1 840,00"
40-163,"1 610,00"
40-164,"430,00"
40-167,"810,00"
40-168,"990,00"
40-169,"1 375,00"
40-170,"475,00"
40-174,"880,00"
40-176,"585,00"
40-179,"450,00"
40-182,"1 430,00"
40-184,"685,00"
40-202,"915,00"
40-203,"625,00"
40-204,"295,00"
40-206,"795,00"
40-207,"580,00"
40-222,"560,00"
40-273,"8 470,00"
40-274,"11 495,00"
40-275,"6 300,00"
40-335,"645,00"
40-344,"940,00"
40-372,"7 430,00"
40-422,"11 008,00"
40-424,"3 780,00"
40-439,"475,00"
40-440,"905,00"
40-441,"595,00"
40-443,"4 180,00"
40-444,"2 310,00"
40-445,"1 035,00"
40-446,"1 750,00"
40-447,"4 225,00"
40-448,"580,00"
40-480,"510,00"
40-481,"485,00"
40-482,"925,00"
40-483,"550,00"
40-484,"1 540,00"
40-485,"685,00"
40-486,"685,00"
40-487,"1 290,00"
40-489,"595,00"
40-490,"255,00"
40-491,"815,00"
40-492,"2 090,00"
40-493,"1 060,00"
40-494,"7 085,00"
40-495,"7 150,00"
40-496,"8 680,00"
40-497,"1 980,00"
40-498,"440,00"
40-499,"655,00"
40-500,"180,00"
40-501,"390,00"
40-502,"880,00"
40-503,"230,00"
40-504,"2 960,00"
40-505,"310,00"
40-506,"6 050,00"
40-507,"4 540,00"
40-508,"1 480,00"
40-509,"2 040,00"
40-510,"3 060,00"
40-511,"2 040,00"
40-513,"715,00"
40-518,"2 430,00"
40-519,"10 360,00"
40-520,"400,00"
40-524,"1 465,00"
40-526,"925,00"
40-527,"1 126,00"
40-528,"3 625,00"
40-531,"3 910,00"
40-532,"3 650,00"
40-533,"5 772,00"
40-534,"9 002,00"
40-535,"3 480,00"
40-536,"3 720,00"
40-537,"7 280,00"
40-538,"7 055,00"
40-539,"4 395,00"
40-540,"2 980,00"
40-541,"5 740,00"
40-542,"3 310,00"
40-543,"3 310,00"
40-544,"3 310,00"
40-545,"3 310,00"
40-603,"3 600,00"
40-604,"2 125,00"
40-605,"1 430,00"
40-606,"935,00"
40-607,"3 190,00"
40-609,"1 720,00"
40-610,"1 283,00"
40-611,"1 000,00"
40-612,"360,00"
40-613,"360,00"
40-616,"1 955,00"
40-617,"2 210,00"
40-618,"1 785,00"
40-619,"320,00"
40-622,"1 665,00"
40-623,"1 560,00"
40-624,"160,00"
40-625,"210,00"
40-631,"3 210,00"
40-635,"4 320,00"
40-636,"4 320,00"
40-637,"4 400,00"
40-638,"7 335,00"
40-639,"7 335,00"
40-640,"7 335,00"
40-641,"30 715,00"
40-642,"12 835,00"
40-643,"14 670,00"
40-644,"10 270,00"
40-645,"11 000,00"
40-646,"13 935,00"
40-647,"2 510,00"
40-648,"1 950,00"
40-650,"9 645,00"
40-651,"6 000,00"
40-654,"1 750,00"
40-656,"1 700,00"
40-657,"2 800,00"
40-658,"1 500,00"
41-001,"585,00"
41-003,"275,00"
41-004,"485,00"
41-006,"200,00"
41-007,"425,00"
41-009,"390,00"
41-010,"430,00"
41-011,"430,00"
42-001,"1 005,00"
42-002,"1 500,00"
42-003,"3 005,00"
42-005,"2 005,00"
42-006,"1 500,00"
42-007,"2 005,00"
42-008,"3 005,00"
42-009,"2 005,00"
42-010,"3 005,00"
42-012,"2 325,00"
42-017,"2 200,00"
42-018,"1 005,00"
42-020,"2 005,00"
42-028,"460,00"
42-032,"6 250,00"
42-035,"7 640,00"
42-043,"1 930,00"
42-044,"1 930,00"
42-045,"1 930,00"
42-046,"1 930,00"
42-047,"1 930,00"
42-048,"3 390,00"
42-049,"1 930,00"
42-050,"1 540,00"
42-051,"1 930,00"
42-052,"1 930,00"
42-053,"2 010,00"
42-054,"1 850,00"
42-055,"1 850,00"
42-056,"1 850,00"
42-057,"3 080,00"
42-058,"1 930,00"
42-087,"1 075,00"
42-088,"5 340,00"
42-089,"1 360,00"
42-090,"1 650,00"
42-091,"4 440,00"
42-092,"3 900,00"
43-365,"100,00"
